feature,VIF
Feat 3,1.0769006158246832
Feat 2,1.0585674486275882
Feat 1,1.0197567619223091
subject,1.0071630699244312
