feature,VIF
Inter-Hemispheric,1.4909870015800568
subject,1.3322809571015342
Right Brainstem,1.2540117402541278
