feature,VIF
Feat 5,1.1365304784504313
Feat 3,1.1302065787016218
Feat 2,1.0805511995786423
Feat 4,1.0411790294221015
Feat 1,1.0245522352974796
subject,1.0225313840572936
