feature,VIF
subject,1.073923257006923
Feat 1,1.0538510324941917
Feat 3,1.0258392165638741
Feat 2,1.0033348252727698
