feature,VIF
subject,2.2958880402824597
White Matter,2.2157671656762594
Cerebro-Spinal Fluid,1.7167164385392746
