,precision,recall,f1-score,support
congruent,0.6153846153846154,0.8888888888888888,0.7272727272727274,18.0
incongruent,0.6666666666666666,0.5555555555555556,0.606060606060606,18.0
neutral,0.8461538461538461,0.6111111111111112,0.7096774193548387,18.0
accuracy,0.6851851851851852,0.6851851851851852,0.6851851851851852,0.6851851851851852
macro avg,0.7094017094017094,0.6851851851851851,0.6810035842293907,54.0
weighted avg,0.7094017094017094,0.6851851851851852,0.6810035842293907,54.0
