,precision,recall,f1-score,support
congruent,0.9,0.875,0.8873239436619719,72.0
incongruent,0.8676470588235294,0.8194444444444444,0.8428571428571429,72.0
neutral,0.8461538461538461,0.9166666666666666,0.8799999999999999,72.0
accuracy,0.8703703703703703,0.8703703703703703,0.8703703703703703,0.8703703703703703
macro avg,0.8712669683257919,0.8703703703703703,0.8700603621730382,216.0
weighted avg,0.8712669683257919,0.8703703703703703,0.8700603621730382,216.0
