,precision,recall,f1-score,support
congruent,0.7142857142857143,0.8333333333333334,0.7692307692307692,18.0
incongruent,0.7142857142857143,0.8333333333333334,0.7692307692307692,18.0
neutral,1.0,0.6666666666666666,0.8,18.0
accuracy,0.7777777777777778,0.7777777777777778,0.7777777777777778,0.7777777777777778
macro avg,0.8095238095238096,0.7777777777777778,0.7794871794871794,54.0
weighted avg,0.8095238095238095,0.7777777777777778,0.7794871794871795,54.0
