,precision,recall,f1-score,support
anger,0.4166666666666667,0.2777777777777778,0.33333333333333337,18.0
disgust,0.42105263157894735,0.4444444444444444,0.43243243243243246,18.0
fear,0.391304347826087,0.5,0.4390243902439025,18.0
accuracy,0.4074074074074074,0.4074074074074074,0.4074074074074074,0.4074074074074074
macro avg,0.409674548690567,0.40740740740740744,0.40159671866988944,54.0
weighted avg,0.409674548690567,0.4074074074074074,0.40159671866988944,54.0
