,precision,recall,f1-score,support
congruent,0.5714285714285714,0.8888888888888888,0.6956521739130435,18.0
incongruent,0.5555555555555556,0.2777777777777778,0.3703703703703704,18.0
neutral,0.7058823529411765,0.6666666666666666,0.6857142857142857,18.0
accuracy,0.6111111111111112,0.6111111111111112,0.6111111111111112,0.6111111111111112
macro avg,0.6109554933084346,0.611111111111111,0.5839122766658998,54.0
weighted avg,0.6109554933084346,0.6111111111111112,0.5839122766658998,54.0
