,precision,recall,f1-score,support
anger,0.36486486486486486,0.6,0.453781512605042,45.0
disgust,0.34285714285714286,0.26666666666666666,0.3,45.0
fear,0.4230769230769231,0.24444444444444444,0.30985915492957744,45.0
accuracy,0.37037037037037035,0.37037037037037035,0.37037037037037035,0.37037037037037035
macro avg,0.37693297693297695,0.3703703703703704,0.3545468891782065,135.0
weighted avg,0.3769329769329769,0.37037037037037035,0.3545468891782065,135.0
