,precision,recall,f1-score,support
congruent,0.5172413793103449,0.6666666666666666,0.5825242718446603,45.0
incongruent,0.49122807017543857,0.6222222222222222,0.5490196078431373,45.0
neutral,0.9,0.4,0.5538461538461539,45.0
accuracy,0.562962962962963,0.562962962962963,0.562962962962963,0.562962962962963
macro avg,0.6361564831619279,0.5629629629629629,0.5617966778446505,135.0
weighted avg,0.6361564831619279,0.562962962962963,0.5617966778446505,135.0
