,precision,recall,f1-score,support
anger,0.3055555555555556,0.4888888888888889,0.37606837606837606,45.0
disgust,0.2222222222222222,0.08888888888888889,0.12698412698412698,45.0
fear,0.4222222222222222,0.4222222222222222,0.4222222222222222,45.0
accuracy,0.3333333333333333,0.3333333333333333,0.3333333333333333,0.3333333333333333
macro avg,0.31666666666666665,0.3333333333333333,0.30842490842490844,135.0
weighted avg,0.31666666666666665,0.3333333333333333,0.3084249084249084,135.0
