,precision,recall,f1-score,support
congruent,0.4927536231884058,0.7555555555555555,0.5964912280701755,45.0
incongruent,0.6363636363636364,0.6222222222222222,0.6292134831460675,45.0
neutral,1.0,0.4888888888888889,0.6567164179104478,45.0
accuracy,0.6222222222222222,0.6222222222222222,0.6222222222222222,0.6222222222222222
macro avg,0.709705753184014,0.6222222222222222,0.627473709708897,135.0
weighted avg,0.7097057531840141,0.6222222222222222,0.6274737097088969,135.0
