,precision,recall,f1-score,support
congruent,0.49333333333333335,0.8222222222222222,0.6166666666666666,45.0
incongruent,0.7333333333333333,0.4888888888888889,0.5866666666666667,45.0
neutral,0.8666666666666667,0.5777777777777777,0.6933333333333332,45.0
accuracy,0.6296296296296297,0.6296296296296297,0.6296296296296297,0.6296296296296297
macro avg,0.6977777777777777,0.6296296296296297,0.6322222222222221,135.0
weighted avg,0.6977777777777778,0.6296296296296297,0.6322222222222221,135.0
