,precision,recall,f1-score,support
anger,0.3829787234042553,0.4,0.3913043478260869,45.0
disgust,0.3469387755102041,0.37777777777777777,0.3617021276595745,45.0
fear,0.4358974358974359,0.37777777777777777,0.40476190476190477,45.0
accuracy,0.3851851851851852,0.3851851851851852,0.3851851851851852,0.3851851851851852
macro avg,0.3886049782706318,0.38518518518518513,0.3859227934158554,135.0
weighted avg,0.38860497827063173,0.3851851851851852,0.3859227934158554,135.0
