,precision,recall,f1-score,support
congruent,0.4482758620689655,0.5777777777777777,0.5048543689320388,45.0
incongruent,0.3611111111111111,0.28888888888888886,0.32098765432098764,45.0
neutral,0.5365853658536586,0.4888888888888889,0.5116279069767442,45.0
accuracy,0.45185185185185184,0.45185185185185184,0.45185185185185184,0.45185185185185184
macro avg,0.44865744634457844,0.4518518518518518,0.4458233100765902,135.0
weighted avg,0.4486574463445784,0.4518518518518518,0.44582331007659026,135.0
