,precision,recall,f1-score,support
congruent,0.627906976744186,0.6,0.6136363636363636,45.0
incongruent,0.5384615384615384,0.4666666666666667,0.5,45.0
neutral,0.5094339622641509,0.6,0.5510204081632653,45.0
accuracy,0.5555555555555556,0.5555555555555556,0.5555555555555556,0.5555555555555556
macro avg,0.5586008258232918,0.5555555555555555,0.5548855905998763,135.0
weighted avg,0.5586008258232918,0.5555555555555556,0.5548855905998763,135.0
