,precision,recall,f1-score,support
anger,0.3225806451612903,0.4444444444444444,0.3738317757009346,45.0
disgust,0.2727272727272727,0.13333333333333333,0.17910447761194032,45.0
fear,0.37254901960784315,0.4222222222222222,0.3958333333333333,45.0
accuracy,0.3333333333333333,0.3333333333333333,0.3333333333333333,0.3333333333333333
macro avg,0.3226189791654687,0.3333333333333333,0.3162565288820694,135.0
weighted avg,0.3226189791654687,0.3333333333333333,0.3162565288820694,135.0
