,precision,recall,f1-score,support
anger,0.35555555555555557,0.35555555555555557,0.35555555555555557,45.0
disgust,0.2857142857142857,0.2222222222222222,0.25,45.0
fear,0.34545454545454546,0.4222222222222222,0.37999999999999995,45.0
accuracy,0.3333333333333333,0.3333333333333333,0.3333333333333333,0.3333333333333333
macro avg,0.32890812890812887,0.3333333333333333,0.3285185185185185,135.0
weighted avg,0.32890812890812887,0.3333333333333333,0.3285185185185185,135.0
