,precision,recall,f1-score,support
congruent,0.5714285714285714,0.6222222222222222,0.5957446808510639,45.0
incongruent,0.5254237288135594,0.6888888888888889,0.5961538461538461,45.0
neutral,0.8888888888888888,0.5333333333333333,0.6666666666666667,45.0
accuracy,0.6148148148148148,0.6148148148148148,0.6148148148148148,0.6148148148148148
macro avg,0.6619137297103399,0.6148148148148148,0.6195217312238589,135.0
weighted avg,0.6619137297103399,0.6148148148148148,0.6195217312238589,135.0
