,precision,recall,f1-score,support
anger,0.2878787878787879,0.4222222222222222,0.34234234234234234,45.0
disgust,0.29411764705882354,0.2222222222222222,0.25316455696202533,45.0
fear,0.4,0.3111111111111111,0.35000000000000003,45.0
accuracy,0.31851851851851853,0.31851851851851853,0.31851851851851853,0.31851851851851853
macro avg,0.3273321449792038,0.3185185185185185,0.31516896643478925,135.0
weighted avg,0.32733214497920377,0.31851851851851853,0.31516896643478925,135.0
