,precision,recall,f1-score,support
congruent,0.5681818181818182,0.5555555555555556,0.5617977528089888,45.0
incongruent,0.4675324675324675,0.8,0.5901639344262295,45.0
neutral,0.7857142857142857,0.24444444444444444,0.3728813559322034,45.0
accuracy,0.5333333333333333,0.5333333333333333,0.5333333333333333,0.5333333333333333
macro avg,0.6071428571428572,0.5333333333333333,0.5082810143891406,135.0
weighted avg,0.6071428571428572,0.5333333333333333,0.5082810143891405,135.0
