,precision,recall,f1-score,support
anger,0.44,0.4888888888888889,0.4631578947368421,45.0
disgust,0.3870967741935484,0.26666666666666666,0.3157894736842105,45.0
fear,0.46296296296296297,0.5555555555555556,0.505050505050505,45.0
accuracy,0.43703703703703706,0.43703703703703706,0.43703703703703706,0.43703703703703706
macro avg,0.4300199123855038,0.43703703703703706,0.4279992911571859,135.0
weighted avg,0.43001991238550374,0.43703703703703706,0.4279992911571858,135.0
