,precision,recall,f1-score,support
congruent,0.9555555555555556,0.9555555555555556,0.9555555555555556,45.0
incongruent,0.9545454545454546,0.9333333333333333,0.9438202247191012,45.0
neutral,0.9782608695652174,1.0,0.989010989010989,45.0
accuracy,0.9629629629629629,0.9629629629629629,0.9629629629629629,0.9629629629629629
macro avg,0.9627872932220759,0.9629629629629629,0.962795589761882,135.0
weighted avg,0.9627872932220759,0.9629629629629629,0.962795589761882,135.0
