,precision,recall,f1-score,support
congruent,0.5576923076923077,0.6444444444444445,0.5979381443298969,45.0
incongruent,0.6744186046511628,0.6444444444444445,0.6590909090909091,45.0
neutral,0.75,0.6666666666666666,0.7058823529411765,45.0
accuracy,0.6518518518518519,0.6518518518518519,0.6518518518518519,0.6518518518518519
macro avg,0.6607036374478236,0.6518518518518519,0.6543038021206607,135.0
weighted avg,0.6607036374478235,0.6518518518518519,0.6543038021206607,135.0
