,precision,recall,f1-score,support
congruent,0.5,0.4444444444444444,0.47058823529411764,45.0
incongruent,0.46153846153846156,0.5333333333333333,0.4948453608247423,45.0
neutral,0.4186046511627907,0.4,0.40909090909090917,45.0
accuracy,0.45925925925925926,0.45925925925925926,0.45925925925925926,0.45925925925925926
macro avg,0.46004770423375074,0.45925925925925926,0.45817483506992307,135.0
weighted avg,0.4600477042337508,0.45925925925925926,0.45817483506992307,135.0
