,precision,recall,f1-score,support
anger,0.32098765432098764,0.5777777777777777,0.4126984126984127,45.0
disgust,0.32432432432432434,0.26666666666666666,0.29268292682926833,45.0
fear,0.29411764705882354,0.1111111111111111,0.16129032258064516,45.0
accuracy,0.31851851851851853,0.31851851851851853,0.31851851851851853,0.31851851851851853
macro avg,0.3131432085680452,0.3185185185185185,0.2888905540361087,135.0
weighted avg,0.3131432085680452,0.31851851851851853,0.2888905540361087,135.0
