,precision,recall,f1-score,support
congruent,0.45098039215686275,0.5111111111111111,0.4791666666666667,45.0
incongruent,0.49056603773584906,0.5777777777777777,0.5306122448979591,45.0
neutral,0.5161290322580645,0.35555555555555557,0.42105263157894735,45.0
accuracy,0.48148148148148145,0.48148148148148145,0.48148148148148145,0.48148148148148145
macro avg,0.48589182071692544,0.48148148148148145,0.4769438477145244,135.0
weighted avg,0.4858918207169255,0.48148148148148145,0.4769438477145244,135.0
