,precision,recall,f1-score,support
congruent,0.68,0.7555555555555555,0.7157894736842104,45.0
incongruent,0.578125,0.8222222222222222,0.6788990825688074,45.0
neutral,1.0,0.4666666666666667,0.6363636363636364,45.0
accuracy,0.6814814814814815,0.6814814814814815,0.6814814814814815,0.6814814814814815
macro avg,0.7527083333333334,0.6814814814814815,0.6770173975388847,135.0
weighted avg,0.7527083333333333,0.6814814814814815,0.6770173975388848,135.0
