,precision,recall,f1-score,support
anger,0.3442622950819672,0.4666666666666667,0.3962264150943396,45.0
disgust,0.3333333333333333,0.2222222222222222,0.26666666666666666,45.0
fear,0.4318181818181818,0.4222222222222222,0.4269662921348315,45.0
accuracy,0.37037037037037035,0.37037037037037035,0.37037037037037035,0.37037037037037035
macro avg,0.3698046034111608,0.3703703703703704,0.36328645796527925,135.0
weighted avg,0.3698046034111608,0.37037037037037035,0.36328645796527925,135.0
