,precision,recall,f1-score,support
congruent,0.5614035087719298,0.7111111111111111,0.6274509803921567,45.0
incongruent,0.6888888888888889,0.6888888888888889,0.6888888888888889,45.0
neutral,0.9090909090909091,0.6666666666666666,0.7692307692307692,45.0
accuracy,0.6888888888888889,0.6888888888888889,0.6888888888888889,0.6888888888888889
macro avg,0.7197944355839092,0.6888888888888888,0.6951902128372716,135.0
weighted avg,0.7197944355839093,0.6888888888888889,0.6951902128372717,135.0
