,precision,recall,f1-score,support
anger,0.3333333333333333,0.4,0.3636363636363636,45.0
disgust,0.3409090909090909,0.3333333333333333,0.33707865168539325,45.0
fear,0.40540540540540543,0.3333333333333333,0.36585365853658536,45.0
accuracy,0.35555555555555557,0.35555555555555557,0.35555555555555557,0.35555555555555557
macro avg,0.35988260988260984,0.35555555555555557,0.3555228912861141,135.0
weighted avg,0.3598826098826099,0.35555555555555557,0.35552289128611414,135.0
