,precision,recall,f1-score,support
congruent,0.4,0.4,0.4000000000000001,45.0
incongruent,0.28205128205128205,0.24444444444444444,0.2619047619047619,45.0
neutral,0.3137254901960784,0.35555555555555557,0.3333333333333333,45.0
accuracy,0.3333333333333333,0.3333333333333333,0.3333333333333333,0.3333333333333333
macro avg,0.33192559074912015,0.3333333333333333,0.33174603174603173,135.0
weighted avg,0.33192559074912015,0.3333333333333333,0.3317460317460318,135.0
