,precision,recall,f1-score,support
congruent,0.39285714285714285,0.4888888888888889,0.43564356435643564,45.0
incongruent,0.38095238095238093,0.35555555555555557,0.367816091954023,45.0
neutral,0.40540540540540543,0.3333333333333333,0.36585365853658536,45.0
accuracy,0.3925925925925926,0.3925925925925926,0.3925925925925926,0.3925925925925926
macro avg,0.39307164307164305,0.3925925925925926,0.3897711049490146,135.0
weighted avg,0.39307164307164305,0.3925925925925926,0.38977110494901474,135.0
