,precision,recall,f1-score,support
anger,0.328125,0.4666666666666667,0.3853211009174312,45.0
disgust,0.30434782608695654,0.3111111111111111,0.3076923076923077,45.0
fear,0.24,0.13333333333333333,0.17142857142857146,45.0
accuracy,0.3037037037037037,0.3037037037037037,0.3037037037037037,0.3037037037037037
macro avg,0.29082427536231886,0.3037037037037037,0.2881473266794368,135.0
weighted avg,0.29082427536231886,0.3037037037037037,0.2881473266794368,135.0
