,precision,recall,f1-score,support
congruent,0.47692307692307695,0.6888888888888889,0.5636363636363636,45.0
incongruent,0.5510204081632653,0.6,0.5744680851063829,45.0
neutral,0.8571428571428571,0.4,0.5454545454545455,45.0
accuracy,0.562962962962963,0.562962962962963,0.562962962962963,0.562962962962963
macro avg,0.6283621140763999,0.5629629629629629,0.5611863313990973,135.0
weighted avg,0.6283621140763997,0.562962962962963,0.5611863313990973,135.0
