,precision,recall,f1-score,support
congruent,0.7,0.6222222222222222,0.6588235294117647,45.0
incongruent,0.7142857142857143,0.7777777777777778,0.7446808510638298,45.0
neutral,0.6956521739130435,0.7111111111111111,0.7032967032967032,45.0
accuracy,0.7037037037037037,0.7037037037037037,0.7037037037037037,0.7037037037037037
macro avg,0.7033126293995858,0.7037037037037037,0.7022670279240991,135.0
weighted avg,0.7033126293995858,0.7037037037037037,0.7022670279240992,135.0
