,precision,recall,f1-score,support
congruent,1.0,0.9777777777777777,0.9887640449438202,45.0
incongruent,0.9777777777777777,0.9777777777777777,0.9777777777777777,45.0
neutral,0.9782608695652174,1.0,0.989010989010989,45.0
accuracy,0.9851851851851852,0.9851851851851852,0.9851851851851852,0.9851851851851852
macro avg,0.9853462157809983,0.9851851851851853,0.985184270577529,135.0
weighted avg,0.9853462157809983,0.9851851851851852,0.985184270577529,135.0
