,precision,recall,f1-score,support
anger,0.2702702702702703,0.2222222222222222,0.24390243902439024,45.0
disgust,0.36363636363636365,0.17777777777777778,0.2388059701492537,45.0
fear,0.3157894736842105,0.5333333333333333,0.39669421487603307,45.0
accuracy,0.3111111111111111,0.3111111111111111,0.3111111111111111,0.3111111111111111
macro avg,0.31656536919694817,0.3111111111111111,0.29313420801655904,135.0
weighted avg,0.31656536919694817,0.3111111111111111,0.29313420801655904,135.0
