,precision,recall,f1-score,support
anger,0.2903225806451613,0.2,0.2368421052631579,45.0
disgust,0.4583333333333333,0.24444444444444444,0.31884057971014496,45.0
fear,0.3375,0.6,0.43200000000000005,45.0
accuracy,0.34814814814814815,0.34814814814814815,0.34814814814814815,0.34814814814814815
macro avg,0.3620519713261649,0.3481481481481481,0.3292275616577676,135.0
weighted avg,0.36205197132616485,0.34814814814814815,0.3292275616577676,135.0
