,precision,recall,f1-score,support
congruent,0.9772727272727273,0.9555555555555556,0.9662921348314608,45.0
incongruent,0.9767441860465116,0.9333333333333333,0.9545454545454545,45.0
neutral,0.9166666666666666,0.9777777777777777,0.946236559139785,45.0
accuracy,0.9555555555555556,0.9555555555555556,0.9555555555555556,0.9555555555555556
macro avg,0.9568945266619685,0.9555555555555556,0.9556913828389001,135.0
weighted avg,0.9568945266619685,0.9555555555555556,0.9556913828389002,135.0
