,precision,recall,f1-score,support
anger,0.375,0.6666666666666666,0.4800000000000001,45.0
disgust,0.23076923076923078,0.06666666666666667,0.10344827586206898,45.0
fear,0.30952380952380953,0.28888888888888886,0.29885057471264365,45.0
accuracy,0.34074074074074073,0.34074074074074073,0.34074074074074073,0.34074074074074073
macro avg,0.3050976800976801,0.34074074074074073,0.29409961685823754,135.0
weighted avg,0.3050976800976801,0.34074074074074073,0.2940996168582376,135.0
