,precision,recall,f1-score,support
congruent,0.45454545454545453,0.4444444444444444,0.44943820224719094,45.0
incongruent,0.5074626865671642,0.7555555555555555,0.6071428571428571,45.0
neutral,0.7083333333333334,0.37777777777777777,0.49275362318840576,45.0
accuracy,0.5259259259259259,0.5259259259259259,0.5259259259259259,0.5259259259259259
macro avg,0.5567804914819839,0.5259259259259259,0.5164448941928179,135.0
weighted avg,0.556780491481984,0.5259259259259259,0.5164448941928179,135.0
