,precision,recall,f1-score,support
congruent,0.5362318840579711,0.8222222222222222,0.6491228070175439,45.0
incongruent,0.6,0.4666666666666667,0.5249999999999999,45.0
neutral,0.9032258064516129,0.6222222222222222,0.7368421052631579,45.0
accuracy,0.6370370370370371,0.6370370370370371,0.6370370370370371,0.6370370370370371
macro avg,0.6798192301698612,0.637037037037037,0.6369883040935672,135.0
weighted avg,0.6798192301698613,0.6370370370370371,0.6369883040935672,135.0
