,precision,recall,f1-score,support
congruent,0.5925925925925926,0.8888888888888888,0.711111111111111,18.0
incongruent,0.5454545454545454,0.6666666666666666,0.6,18.0
neutral,1.0,0.2777777777777778,0.4347826086956522,18.0
accuracy,0.6111111111111112,0.6111111111111112,0.6111111111111112,0.6111111111111112
macro avg,0.712682379349046,0.611111111111111,0.581964573268921,54.0
weighted avg,0.712682379349046,0.6111111111111112,0.581964573268921,54.0
