,precision,recall,f1-score,support
anger,0.4,0.5555555555555556,0.46511627906976744,18.0
disgust,0.2727272727272727,0.16666666666666666,0.20689655172413793,18.0
fear,0.4444444444444444,0.4444444444444444,0.4444444444444444,18.0
accuracy,0.3888888888888889,0.3888888888888889,0.3888888888888889,0.3888888888888889
macro avg,0.3723905723905723,0.38888888888888884,0.37215242507944996,54.0
weighted avg,0.3723905723905724,0.3888888888888889,0.37215242507944996,54.0
