,precision,recall,f1-score,support
anger,0.3793103448275862,0.6111111111111112,0.46808510638297873,18.0
disgust,0.45454545454545453,0.2777777777777778,0.3448275862068966,18.0
fear,0.35714285714285715,0.2777777777777778,0.31250000000000006,18.0
accuracy,0.3888888888888889,0.3888888888888889,0.3888888888888889,0.3888888888888889
macro avg,0.396999552171966,0.3888888888888889,0.3751375641966251,54.0
weighted avg,0.396999552171966,0.3888888888888889,0.37513756419662514,54.0
