,precision,recall,f1-score,support
anger,0.3448275862068966,0.5555555555555556,0.4255319148936171,18.0
disgust,0.5333333333333333,0.4444444444444444,0.4848484848484848,18.0
fear,0.5,0.2777777777777778,0.35714285714285715,18.0
accuracy,0.42592592592592593,0.42592592592592593,0.42592592592592593,0.42592592592592593
macro avg,0.45938697318007665,0.4259259259259259,0.4225077522949863,54.0
weighted avg,0.4593869731800766,0.42592592592592593,0.4225077522949863,54.0
