,precision,recall,f1-score,support
congruent,0.9859154929577465,0.9722222222222222,0.979020979020979,72.0
incongruent,1.0,0.9722222222222222,0.9859154929577464,72.0
neutral,0.96,1.0,0.9795918367346939,72.0
accuracy,0.9814814814814815,0.9814814814814815,0.9814814814814815,0.9814814814814815
macro avg,0.9819718309859155,0.9814814814814815,0.9815094362378064,216.0
weighted avg,0.9819718309859156,0.9814814814814815,0.9815094362378063,216.0
