,precision,recall,f1-score,support
congruent,0.8873239436619719,0.875,0.881118881118881,72.0
incongruent,0.8904109589041096,0.9027777777777778,0.896551724137931,72.0
neutral,0.9305555555555556,0.9305555555555556,0.9305555555555556,72.0
accuracy,0.9027777777777778,0.9027777777777778,0.9027777777777778,0.9027777777777778
macro avg,0.9027634860405458,0.9027777777777777,0.9027420536041225,216.0
weighted avg,0.9027634860405457,0.9027777777777778,0.9027420536041225,216.0
