,precision,recall,f1-score,support
congruent,0.7,0.7777777777777778,0.7368421052631577,18.0
incongruent,0.75,0.8333333333333334,0.7894736842105262,18.0
neutral,0.9285714285714286,0.7222222222222222,0.8125000000000001,18.0
accuracy,0.7777777777777778,0.7777777777777778,0.7777777777777778,0.7777777777777778
macro avg,0.7928571428571428,0.7777777777777778,0.7796052631578947,54.0
weighted avg,0.7928571428571429,0.7777777777777778,0.7796052631578947,54.0
