,precision,recall,f1-score,support
congruent,0.4583333333333333,0.6111111111111112,0.5238095238095238,18.0
incongruent,0.5,0.3333333333333333,0.4,18.0
neutral,0.5,0.5,0.5,18.0
accuracy,0.48148148148148145,0.48148148148148145,0.48148148148148145,0.48148148148148145
macro avg,0.4861111111111111,0.48148148148148145,0.47460317460317464,54.0
weighted avg,0.4861111111111111,0.48148148148148145,0.47460317460317464,54.0
