,precision,recall,f1-score,support
congruent,0.5714285714285714,0.5555555555555556,0.5633802816901409,72.0
incongruent,0.5303030303030303,0.4861111111111111,0.5072463768115942,72.0
neutral,0.5875,0.6527777777777778,0.6184210526315789,72.0
accuracy,0.5648148148148148,0.5648148148148148,0.5648148148148148,0.5648148148148148
macro avg,0.5630772005772006,0.5648148148148149,0.5630159037111047,216.0
weighted avg,0.5630772005772007,0.5648148148148148,0.5630159037111047,216.0
