,precision,recall,f1-score,support
congruent,0.7142857142857143,0.8333333333333334,0.7692307692307692,18.0
incongruent,0.8125,0.7222222222222222,0.7647058823529411,18.0
neutral,0.7647058823529411,0.7222222222222222,0.7428571428571428,18.0
accuracy,0.7592592592592593,0.7592592592592593,0.7592592592592593,0.7592592592592593
macro avg,0.7638305322128852,0.7592592592592592,0.7589312648136177,54.0
weighted avg,0.7638305322128851,0.7592592592592593,0.7589312648136177,54.0
