,precision,recall,f1-score,support
anger,0.34615384615384615,0.5,0.40909090909090906,18.0
disgust,0.3125,0.2777777777777778,0.29411764705882354,18.0
fear,0.5,0.3333333333333333,0.4,18.0
accuracy,0.37037037037037035,0.37037037037037035,0.37037037037037035,0.37037037037037035
macro avg,0.38621794871794873,0.3703703703703704,0.36773618538324415,54.0
weighted avg,0.3862179487179487,0.37037037037037035,0.36773618538324415,54.0
