,precision,recall,f1-score,support
congruent,0.6710526315789473,0.7083333333333334,0.6891891891891891,72.0
incongruent,0.6911764705882353,0.6527777777777778,0.6714285714285714,72.0
neutral,0.7222222222222222,0.7222222222222222,0.7222222222222222,72.0
accuracy,0.6944444444444444,0.6944444444444444,0.6944444444444444,0.6944444444444444
macro avg,0.6948171081298016,0.6944444444444445,0.6942799942799942,216.0
weighted avg,0.6948171081298016,0.6944444444444444,0.6942799942799943,216.0
