,precision,recall,f1-score,support
anger,0.5714285714285714,0.4444444444444444,0.5,18.0
disgust,0.45454545454545453,0.2777777777777778,0.3448275862068966,18.0
fear,0.41379310344827586,0.6666666666666666,0.5106382978723404,18.0
accuracy,0.46296296296296297,0.46296296296296297,0.46296296296296297,0.46296296296296297
macro avg,0.4799223764741006,0.46296296296296297,0.45182196135974567,54.0
weighted avg,0.4799223764741005,0.46296296296296297,0.45182196135974567,54.0
