,precision,recall,f1-score,support
congruent,0.48148148148148145,0.7222222222222222,0.5777777777777777,18.0
incongruent,0.45,0.5,0.4736842105263158,18.0
neutral,0.8571428571428571,0.3333333333333333,0.48,18.0
accuracy,0.5185185185185185,0.5185185185185185,0.5185185185185185,0.5185185185185185
macro avg,0.5962081128747795,0.5185185185185185,0.5104873294346978,54.0
weighted avg,0.5962081128747796,0.5185185185185185,0.5104873294346979,54.0
