,precision,recall,f1-score,support
congruent,0.8333333333333334,0.8333333333333334,0.8333333333333334,72.0
incongruent,0.9253731343283582,0.8611111111111112,0.8920863309352519,72.0
neutral,0.8441558441558441,0.9027777777777778,0.87248322147651,72.0
accuracy,0.8657407407407407,0.8657407407407407,0.8657407407407407,0.8657407407407407
macro avg,0.8676207706058453,0.8657407407407408,0.8659676285816985,216.0
weighted avg,0.8676207706058453,0.8657407407407407,0.8659676285816984,216.0
