,precision,recall,f1-score,support
congruent,0.5416666666666666,0.7222222222222222,0.619047619047619,18.0
incongruent,0.6,0.5,0.5454545454545454,18.0
neutral,0.8666666666666667,0.7222222222222222,0.7878787878787877,18.0
accuracy,0.6481481481481481,0.6481481481481481,0.6481481481481481,0.6481481481481481
macro avg,0.6694444444444444,0.6481481481481483,0.6507936507936507,54.0
weighted avg,0.6694444444444444,0.6481481481481481,0.6507936507936507,54.0
