,precision,recall,f1-score,support
congruent,0.8904109589041096,0.9027777777777778,0.896551724137931,72.0
incongruent,0.9295774647887324,0.9166666666666666,0.9230769230769231,72.0
neutral,0.9305555555555556,0.9305555555555556,0.9305555555555556,72.0
accuracy,0.9166666666666666,0.9166666666666666,0.9166666666666666,0.9166666666666666
macro avg,0.9168479930827992,0.9166666666666666,0.9167280675901366,216.0
weighted avg,0.9168479930827992,0.9166666666666666,0.9167280675901366,216.0
