,precision,recall,f1-score,support
anger,0.3157894736842105,0.3333333333333333,0.3243243243243243,18.0
disgust,0.36363636363636365,0.2222222222222222,0.27586206896551724,18.0
fear,0.3333333333333333,0.4444444444444444,0.380952380952381,18.0
accuracy,0.3333333333333333,0.3333333333333333,0.3333333333333333,0.3333333333333333
macro avg,0.33758639021796916,0.3333333333333333,0.3270462580807408,54.0
weighted avg,0.33758639021796916,0.3333333333333333,0.32704625808074084,54.0
