,precision,recall,f1-score,support
anger,0.375,0.3333333333333333,0.35294117647058826,18.0
disgust,0.3333333333333333,0.3888888888888889,0.358974358974359,18.0
fear,0.29411764705882354,0.2777777777777778,0.28571428571428575,18.0
accuracy,0.3333333333333333,0.3333333333333333,0.3333333333333333,0.3333333333333333
macro avg,0.3341503267973856,0.3333333333333333,0.3325432737197443,54.0
weighted avg,0.3341503267973856,0.3333333333333333,0.3325432737197443,54.0
