,precision,recall,f1-score,support
congruent,0.55,0.6111111111111112,0.5789473684210527,18.0
incongruent,0.5,0.3333333333333333,0.4,18.0
neutral,0.45454545454545453,0.5555555555555556,0.5,18.0
accuracy,0.5,0.5,0.5,0.5
macro avg,0.5015151515151516,0.5,0.49298245614035086,54.0
weighted avg,0.5015151515151515,0.5,0.4929824561403509,54.0
