,precision,recall,f1-score,support
anger,0.46153846153846156,0.6666666666666666,0.5454545454545455,18.0
disgust,0.5,0.3333333333333333,0.4,18.0
fear,0.5625,0.5,0.5294117647058824,18.0
accuracy,0.5,0.5,0.5,0.5
macro avg,0.5080128205128206,0.5,0.49162210338680934,54.0
weighted avg,0.5080128205128205,0.5,0.4916221033868093,54.0
