,precision,recall,f1-score,support
congruent,0.5652173913043478,0.7222222222222222,0.6341463414634146,18.0
incongruent,0.6428571428571429,0.5,0.5625000000000001,18.0
neutral,0.8823529411764706,0.8333333333333334,0.8571428571428571,18.0
accuracy,0.6851851851851852,0.6851851851851852,0.6851851851851852,0.6851851851851852
macro avg,0.696809158445987,0.6851851851851852,0.684596399535424,54.0
weighted avg,0.6968091584459871,0.6851851851851852,0.6845963995354238,54.0
