,precision,recall,f1-score,support
congruent,0.30434782608695654,0.3888888888888889,0.34146341463414637,18.0
incongruent,0.2727272727272727,0.16666666666666666,0.20689655172413793,18.0
neutral,0.35,0.3888888888888889,0.36842105263157887,18.0
accuracy,0.3148148148148148,0.3148148148148148,0.3148148148148148,0.3148148148148148
macro avg,0.3090250329380764,0.3148148148148148,0.30559367299662105,54.0
weighted avg,0.3090250329380764,0.3148148148148148,0.30559367299662105,54.0
