,precision,recall,f1-score,support
congruent,0.3389830508474576,0.2777777777777778,0.3053435114503817,72.0
incongruent,0.3246753246753247,0.3472222222222222,0.33557046979865773,72.0
neutral,0.325,0.3611111111111111,0.34210526315789475,72.0
accuracy,0.3287037037037037,0.3287037037037037,0.3287037037037037,0.3287037037037037
macro avg,0.3295527918409274,0.3287037037037037,0.32767308146897806,216.0
weighted avg,0.32955279184092745,0.3287037037037037,0.32767308146897806,216.0
