,precision,recall,f1-score,support
anger,0.0,0.0,,18.0
disgust,0.325,0.7222222222222222,0.44827586206896547,18.0
fear,0.2727272727272727,0.16666666666666666,0.20689655172413793,18.0
accuracy,0.2962962962962963,0.2962962962962963,0.2962962962962963,0.2962962962962963
macro avg,0.19924242424242422,0.2962962962962963,0.3275862068965517,54.0
weighted avg,0.19924242424242422,0.2962962962962963,0.3275862068965517,54.0
