,precision,recall,f1-score,support
congruent,0.47619047619047616,0.5555555555555556,0.5128205128205129,18.0
incongruent,0.9,0.5,0.6428571428571429,18.0
neutral,0.4782608695652174,0.6111111111111112,0.5365853658536586,18.0
accuracy,0.5555555555555556,0.5555555555555556,0.5555555555555556,0.5555555555555556
macro avg,0.6181504485852312,0.5555555555555556,0.5640876738437715,54.0
weighted avg,0.6181504485852313,0.5555555555555556,0.5640876738437715,54.0
