,precision,recall,f1-score,support
anger,0.3333333333333333,0.2222222222222222,0.26666666666666666,18.0
disgust,0.4117647058823529,0.3888888888888889,0.39999999999999997,18.0
fear,0.44,0.6111111111111112,0.5116279069767442,18.0
accuracy,0.4074074074074074,0.4074074074074074,0.4074074074074074,0.4074074074074074
macro avg,0.3950326797385621,0.40740740740740744,0.3927648578811369,54.0
weighted avg,0.39503267973856204,0.4074074074074074,0.39276485788113696,54.0
