,precision,recall,f1-score,support
congruent,0.971830985915493,0.9583333333333334,0.965034965034965,72.0
incongruent,0.958904109589041,0.9722222222222222,0.9655172413793104,72.0
neutral,1.0,1.0,1.0,72.0
accuracy,0.9768518518518519,0.9768518518518519,0.9768518518518519,0.9768518518518519
macro avg,0.9769116985015113,0.9768518518518517,0.9768507354714252,216.0
weighted avg,0.9769116985015113,0.9768518518518519,0.9768507354714252,216.0
