,precision,recall,f1-score,support
anger,0.23076923076923078,0.16666666666666666,0.1935483870967742,18.0
disgust,0.2727272727272727,0.3333333333333333,0.3,18.0
fear,0.3157894736842105,0.3333333333333333,0.3243243243243243,18.0
accuracy,0.2777777777777778,0.2777777777777778,0.2777777777777778,0.2777777777777778
macro avg,0.2730953257269047,0.27777777777777773,0.27262423714036615,54.0
weighted avg,0.2730953257269047,0.2777777777777778,0.27262423714036615,54.0
