,precision,recall,f1-score,support
anger,0.36666666666666664,0.6111111111111112,0.45833333333333326,18.0
disgust,0.36363636363636365,0.2222222222222222,0.27586206896551724,18.0
fear,0.46153846153846156,0.3333333333333333,0.3870967741935484,18.0
accuracy,0.3888888888888889,0.3888888888888889,0.3888888888888889,0.3888888888888889
macro avg,0.39728049728049725,0.3888888888888889,0.3737640588307996,54.0
weighted avg,0.3972804972804973,0.3888888888888889,0.37376405883079966,54.0
