,precision,recall,f1-score,support
congruent,0.6428571428571429,0.5,0.5625000000000001,18.0
incongruent,0.6153846153846154,0.4444444444444444,0.5161290322580646,18.0
neutral,0.5555555555555556,0.8333333333333334,0.6666666666666667,18.0
accuracy,0.5925925925925926,0.5925925925925926,0.5925925925925926,0.5925925925925926
macro avg,0.6045991045991046,0.5925925925925926,0.5817652329749105,54.0
weighted avg,0.6045991045991046,0.5925925925925926,0.5817652329749105,54.0
