,precision,recall,f1-score,support
congruent,0.9315068493150684,0.9444444444444444,0.9379310344827586,72.0
incongruent,0.927536231884058,0.8888888888888888,0.9078014184397163,72.0
neutral,0.9459459459459459,0.9722222222222222,0.9589041095890412,72.0
accuracy,0.9351851851851852,0.9351851851851852,0.9351851851851852,0.9351851851851852
macro avg,0.9349963423816908,0.9351851851851851,0.9348788541705053,216.0
weighted avg,0.9349963423816908,0.9351851851851852,0.9348788541705053,216.0
