,train,test
accuracy,1.0,0.3851851851851852
recall,1.0,0.3851851851851852
precision,1.0,0.3851851851851852
f1,1.0,0.3851851851851852
roc_auc,1.0,0.5631001371742113
