feature,corrcoef
Feat 1,-0.2085158938612118
Feat 2,-0.12057284766390716
Feat 3,-0.07988929805278512
Feat 4,-0.14513663585825226
Feat 5,-0.02813464864510989
