feature,corrcoef
Left Cerebellum,0.019510549385872714
Right Cerebellum,-0.10602545004306062
Left Brainstem,-0.08902580162293866
Right Brainstem,-0.08113990210947257
Left Cerebrum,0.03081537882474431
Right Cerebrum,0.06990961868048079
Inter-Hemispheric,0.054189164695837636
