feature,corrcoef
Gray Matter,0.03713979821357018
White Matter,0.04080746083124356
Cerebro-Spinal Fluid,-0.07180702359299082
