feature,corrcoef
Posterior Lobe,-0.030634211437872025
Medulla,0.09441267709779638
Temporal Lobe,0.03573575458808378
Limbic Lobe,0.031089029953342392
Frontal Lobe,-0.018837592771449307
Sub-lobar,-0.029360997108779
Pons,-0.06234369267159917
Anterior Lobe,-0.06313865140273475
Occipital Lobe,0.22479985459804921
Midbrain,-0.12761933759756341
Frontal-Temporal Space,-0.051723283159488556
Parietal Lobe,0.026096040785390105
